Name,Address,Contact,Website
1satz AG,"Hammerstrasse 50, 4058 Basel, Schweiz",https://www.1satz.ch,+41796155363
360 Fisca Sàrl,"Rue de Venise 2, 1870 Monthey, Schweiz",https://www.1satz.ch,+41787188178
Abelia Wirtschaftsprüfung und Beratung AG,"Dufourstrasse 49, 4052 Basel, Schweiz",http://www.abelia-beratung.ch,061 201 30 13
"abrechnungen.ch / Rasminka GmbH, Zürich","Flurstrasse 30 (Zürich Altstetten), 8048 Zürich, Schweiz",http://www.abrechnungen.ch,044 585 22 72
accoma GmbH (Zug),"Baarerstrasse 113a, 6300 Zug, Schweiz",https://www.accoma.ch,+41 41 552 35 35
accoswiss ag,"Buckhauserstrasse 34, 8048 Zürich, Schweiz",http://www.accoswiss.ch,044 306 52 00
accoswiss ag,"Hammergut 6, 6330 Cham - Zug, Schweiz",http://www.accoswiss.ch,044 306 52 00
accoswiss ag,"Churerstrasse 80, 8808 Pfäffikon, Schweiz",http://www.accoswiss.ch,+41443065200
accoswiss ag,"Hirschmattstrasse 42, 6003 Luzern, Schweiz",http://www.accoswiss.ch,044 306 52 00
accounting & tax point ag,"Oberdorfstrasse 2, 8808 Pfäffikon, Schweiz",http://www.accountingtaxpoint.ch,055 410 72 62
