Company Name,Company Type,Contact No
Clean Australia Service Lidcombe - Commercial & Office Cleaning Service,Cleaning Service,+61 2 7258 6645
City Shine Pty Ltd,Cleaning Service,+61 1300 024 897
Cleanrific Cleaning Services Sydney,House Cleaning Service,+61 1300 289 365
Maid2Go Cleaning Sydney,House Cleaning Service,+61 2 7256 7367
Gold Clean,House Cleaning Service,+61 1300 708 024
Sydney Clean Service,House Cleaning Service,+61 1300 069 335
Simply Maid,House Cleaning Service,+61 1300 009 363
Clean Australia Service Homebush,House Cleaning Service,+61 1300 034 788
Call The Cleaners Sydney,House Cleaning Service,+61 451 550 849
Urban Cleaners,House Cleaning Service,+61 1300 872 262
Best in Oz Cleaning Services,House Cleaning Service,+61 2 8958 3636
Make Clean Services,House Cleaning Service,+61 449 974 500
Fantastic Cleaners,House Cleaning Service,+61 2 9053 1127
Simply Spotless Sydney,House Cleaning Service,+61 1300 245 417
T.O.P House Cleaning Services Sydney,House Cleaning Service,+61 414 412 193
Australian cleaning care,House Cleaning Service,+61 2 8915 6291
NDIS CLEANING CORP,House Cleaning Service,+61 2 9067 0430
1800 CLEANER,House Cleaning Service,+61 1800 253 263
Sydney Premium Cleaning,House Cleaning Service,+61 426 413 984
Calibre Cleaning - House Cleaners Sydney,House Cleaning Service,+61 1300 991 368
Southern Sydney Cleaning Services,House Cleaning Service,+61 498 143 717
Totally Bright - House Cleaning Sydney,House Cleaning Service,+61 424 472 670
T.O.P House Cleaning Services Sydney,House Cleaning Service,+61 414 412 193
Simply Spotless Sydney,House Cleaning Service,+61 1300 245 417
TidyTeddy - House Cleaning Sydney,House Cleaning Service,+61 415 545 000
Sydney-Eco-Cleaning,House Cleaning Service,+61 401 680 681
Westlink Cleaning Services,House Cleaning Service,+61 416 187 900
1plus cleaning Services,House Cleaning Service,+61 478 243 585
1800 CLEANER,House Cleaning Service,+61 1800 253 263
Calibre Cleaning - House Cleaners Sydney,House Cleaning Service,+61 1300 991 368
Quality cleaning,Cleaning Service,+61 420 877 107
Sydney Premium Cleaning,House Cleaning Service,+61 426 413 984
Southern Sydney Cleaning Services,House Cleaning Service,+61 498 143 717
Fantastic Services Sydney,House Cleaning Service,+61 2 9053 1126
Clean Group,House Cleaning Service,+61 2 9160 7469
Cleaning Corp Sydney,House Cleaning Service,+61 2 9188 5060
Eastern Suburbs Cleaning Group,Cleaning Service,+61 420 781 116
Cleaning Ease,House Cleaning Service,+61 2 9157 8588
Sydney Advanced Cleaning,Carpet Cleaning Service,+61 406 651 632
Bondi Sparkle Cleaning Services,House Cleaning Service,+61 483 900 277
Bond Cleaning Sydney,House Cleaning Service,+61 1300 022 950
Royal Commercial Cleaning Services Sydney,Cleaning Service,+61 424 428 007
Double Square Cleaning Services,House Cleaning Service,+61 1300 238 802
GS Bond Cleaning Sydney / End of Lease Cleaning Sydney,House Cleaning Service,+61 2 7259 3442
Focus Cleaning Sydney,House Cleaning Service,+61 414 072 701
Au cleaning group Sydney,Cleaning Service,+61 1300 158 074
Sydney's #1 5ðŸŒŸ END OF LEASE CLEANING. FULL BOND BACK GUARANTEE âœ…,House Cleaning Service,+61 426 606 430
AAA Cleaning Services,House Cleaning Service,+61 410 458 895
Pauls Cleaning Sydney,House Cleaning Service,+61 2 9053 1137
Urban Sydney Cleaning Services,House Cleaning Service,+61 431 377 028
Recommended Cleaning,House Cleaning Service,+61 417 484 325
Sydney Best Cleaning,Cleaning Service,+61 452 381 454
Sydney Domestic Cleaners,House Cleaning Service,+61 405 661 968
This is Neat Cleaning,House Cleaning Service,+61 488 845 135
Cheap Cleaning in Sydney,House Cleaning Service,+61 2 8859 9088
Sydney Luxury Cleaning Services,House Cleaning Service,+61 2 5604 2255
Infoclean,Cleaning Service,+61 1300 253 226
MD Sydney Cleaning Services Pty Ltd,House Cleaning Service,+61 449 585 804
Clean Freaks Group - Sydney Cleaning Service,House Cleaning Service,+61 410 125 761
Care Cleaning Sydney,Cleaning Service,+61 410 008 255
"BESTWAY CLEANING SYDNEY - COMMERCIAL CLEANING COMPANY SYDNEY, AUSTRALIA",Cleaning Service,+61 2 7226 1069
Sydney Total Cleaning,House Cleaning Service,+61 1800 971 555
Golden Slipper Cleaning Services,House Cleaning Service,+61 434 431 361
Empire Cleaning Specialist,Carpet Cleaning Service,+61 411 559 007
Mr Meticulous Cleaning Service,House Cleaning Service,+61 402 317 313
More Clean Sydney,House Cleaning Service,+61 414 076 980
Cleanright Sydney,House Cleaning Service,+61 2 9072 1925
Parker Cleaning - Sydney,House Cleaning Service,+61 414 536 366
A to Z Cleaning Services in Sydney,House Cleaning Service,+61 451 127 397
Building Cleaning Services,Cleaning Service,+61 2 9743 0099
The Jet Co Pressure Cleaning Sydney,Cleaning Service,+61 2 9072 1991
Helping Hands Cleaning,House Cleaning Service,+61 435 630 885
Busy Bee Cleaning,House Cleaning Service,+61 412 158 398
Maid In Sydney,House Cleaning Service,-
Tokyo Cleaning Services,House Cleaning Service,+61 401 807 964
Godly Cleaning Services,House Cleaning Service,+61 426 071 846
Brazilian Cleaning Services - Sydney,House Cleaning Service,+61 404 514 056
CE Cleaning Company Sydney,House Cleaning Service,+61 1300 292 507
Bond Cleaning Service,House Cleaning Service,+61 420 804 806
Bond Cleaners Sydney,House Cleaning Service,+61 402 317 313
Sydney Cleaning Services,Cleaning Service,+61 497 431 777
Bond Cleaning Sydney,House Cleaning Service,+61 414 105 057
Cleaning Star Sydney,Cleaning Service,+61 2 9281 2237
Jason's Cleaning Services Sydney,House Cleaning Service,+61 403 635 622
Lead Cleaning Services Sydney,Cleaning Service,+61 1300 883 380
Whitewash - Sydney Pressure Washing & Restoration Services,House Cleaning Service,+61 414 064 313
Live Clean Services Pty Ltd,House Cleaning Service,+61 451 008 332
Pristine Home,House Cleaning Service,+61 1300 375 275
OZ Need Cleaning Sydney [ Domestic Cleaning | Office & Window Cleaning Services],House Cleaning Service,+61 469 868 558
SS House Washing | Pressure Washing Services Sydney,House Cleaning Service,+61 414 556 216
North Sydney Office and Commercial Cleaners,Cleaning Service,+61 451 651 851
Sydney Premium Cleaning,House Cleaning Service,+61 426 413 984
Miracle Maid,House Cleaning Service,+61 1300 905 032
Clean Focus,Cleaning Service,+61 2 9056 5026
Miracle Maid,House Cleaning Service,+61 1300 905 032
Clean Focus,Cleaning Service,+61 2 9056 5026
Exit Cleaners,House Cleaning Service,+61 1300 964 926
Rapid Oven Cleaning - Professional Oven Cleaning Sydney & Sutherland Shire,House Cleaning Service,+61 457 978 972
Sydney Premium Cleaning,House Cleaning Service,+61 426 413 984
Sydney Local Cleaners - Cleaning Services in Sydney,House Cleaning Service,+61 2 9064 2867
Maidforyou,House Cleaning Service,+61 1300 138 892
"Sydney's Choice Cleaning - Carpet Cleaner, Sofa, Leather Furniture, Couches, Lounge, Mattress, Rug Cleaning, Car Shampooing",Carpet Cleaning Service,+61 455 550 909
SUNSHINE ECO CLEANING SERVICES SYDNEY,House Cleaning Service,+61 1300 356 397
Wow Cleaning Team,House Cleaning Service,+61 416 942 392
Luminous Cleaning Services,House Cleaning Service,+61 2 8283 6675
Absolute Domestics Cleaning Sydney,House Cleaning Service,+61 1300 364 646
Pristine Group Cleaning | Commercial Kitchen Cleaning Sydney | End of lease Cleaning Strathfield | Commercial Cleaning,House Cleaning Service,+61 451 220 115
Sydney Clean Sweeps,House Cleaning Service,+61 425 206 006
Best Ever Cleaning,Curtain And Upholstery Cleaning Service,+61 403 393 330
Sydney Sparkles,Window Cleaning Service,+61 437 140 588
Cleaning Services Sydney,Cleaning Service,+61 2 8860 6457
Sydney Sparkling Cleaning Services Pty Ltd,House Cleaning Service,+61 2 9807 7475
