Teacher Name,Website
"M. Jahirul Islam, PhD., PEng.",https://www.sust.edu/d/arc/faculty-profile-detail/1
Abu Naser,https://www.sust.edu/d/arc/faculty-profile-detail/2
Marium-E-Jannat,https://www.sust.edu/d/arc/faculty-profile-detail/3
Md Mahfuzur Rahaman,https://www.sust.edu/d/arc/faculty-profile-detail/4
Dr. Refat Kibria,https://www.sust.edu/d/arc/faculty-profile-detail/5
Dr. Md. Saiful Alam,https://www.sust.edu/d/arc/faculty-profile-detail/7
Dr. Md. Faisal Ahmmed,https://www.sust.edu/d/arc/faculty-profile-detail/8
Dr. Md. Ismail Hossain,https://www.sust.edu/d/arc/faculty-profile-detail/9
Dr Neaz Ahmed,https://www.sust.edu/d/arc/faculty-profile-detail/10
"Mohammad Ali Oakkas, PhD.",https://www.sust.edu/d/arc/faculty-profile-detail/11
Md. Ahmed Kabir Chowdhury,https://www.sust.edu/d/arc/faculty-profile-detail/12
Dr. Khalidur Rahman,https://www.sust.edu/d/arc/faculty-profile-detail/13
Dr. Luthful Alahi Kawsar,https://www.sust.edu/d/arc/faculty-profile-detail/14
Dr. Md. Azizul Baten,https://www.sust.edu/d/arc/faculty-profile-detail/15
Dr. Md Jamal Uddin,https://www.sust.edu/d/arc/faculty-profile-detail/16
Dr. Mohammad Ohid Ullah,https://www.sust.edu/d/arc/faculty-profile-detail/17
Dr. Mohammed Taj Uddin,https://www.sust.edu/d/arc/faculty-profile-detail/18
Nahid Sultana,https://www.sust.edu/d/arc/faculty-profile-detail/19
Sabbir Tahmidur Rahman,https://www.sust.edu/d/arc/faculty-profile-detail/20
"Ajit Ghosh, PhD",https://www.sust.edu/d/arc/faculty-profile-detail/21
"Muhammad Azad, PhD",https://www.sust.edu/d/arc/faculty-profile-detail/22
H. M. Syfuddin,https://www.sust.edu/d/arc/faculty-profile-detail/23
Khandaker Atkia Fariha,https://www.sust.edu/d/arc/faculty-profile-detail/24
"Mohammad Abdullah-Al-Shoeb, PhD",https://www.sust.edu/d/arc/faculty-profile-detail/25
Md Kawsar Khan,https://www.sust.edu/d/arc/faculty-profile-detail/26
Dr Mostafa Kamal Masud,https://www.sust.edu/d/arc/faculty-profile-detail/27
Payal Barua,https://www.sust.edu/d/arc/faculty-profile-detail/28
"Shamim Ahmed, PhD",https://www.sust.edu/d/arc/faculty-profile-detail/29
Dr Muhammed Zafar Iqbal,https://www.sust.edu/d/arc/faculty-profile-detail/30
"Mohammad Shahidur Rahman, PhD",https://www.sust.edu/d/arc/faculty-profile-detail/31
Dr Mohammad Reza Selim,https://www.sust.edu/d/arc/faculty-profile-detail/32
"Mohammad Abdullah Al Mumin, PhD",https://www.sust.edu/d/arc/faculty-profile-detail/33
Md Masum,https://www.sust.edu/d/arc/faculty-profile-detail/34
Mahruba Sharmin Chowdhury,https://www.sust.edu/d/arc/faculty-profile-detail/35
Dr. Husne Ara Chowdhury,https://www.sust.edu/d/arc/faculty-profile-detail/36
Md Khairullah,https://www.sust.edu/d/arc/faculty-profile-detail/37
"Dr. Md Forhad Rabbi, SMIEEE",https://www.sust.edu/d/arc/faculty-profile-detail/38
Dr. Farida Chowdhury,https://www.sust.edu/d/arc/faculty-profile-detail/39
Mohammad Khalad Hasan,https://www.sust.edu/d/arc/faculty-profile-detail/40
Md Ruhul Amin,https://www.sust.edu/d/arc/faculty-profile-detail/41
Shahidul Islam,https://www.sust.edu/d/arc/faculty-profile-detail/246
Abu Awal Md Shoeb,https://www.sust.edu/d/arc/faculty-profile-detail/43
Dr. Sadia Sultana,https://www.sust.edu/d/arc/faculty-profile-detail/44
Md Akter Hussain,https://www.sust.edu/d/arc/faculty-profile-detail/45
Md Abu Naser Bikas,https://www.sust.edu/d/arc/faculty-profile-detail/46
Marufa Rahmi,https://www.sust.edu/d/arc/faculty-profile-detail/47
Debakar Shamanta,https://www.sust.edu/d/arc/faculty-profile-detail/48
Md. Eamin Rahman,https://www.sust.edu/d/arc/faculty-profile-detail/49
Sabir Ismail,https://www.sust.edu/d/arc/faculty-profile-detail/50
Khandkar Entenam Unayes Ahmed,https://www.sust.edu/d/arc/faculty-profile-detail/51
Ayesha Tasnim,https://www.sust.edu/d/arc/faculty-profile-detail/52
Sheikh Nabil Mohammad ,https://www.sust.edu/d/arc/faculty-profile-detail/53
Biswapriyo Chakrabarty ,https://www.sust.edu/d/arc/faculty-profile-detail/54
Md Saiful Islam,https://www.sust.edu/d/arc/faculty-profile-detail/55
Dr Mohammad Abul Hasnat,https://www.sust.edu/d/arc/faculty-profile-detail/56
Dr. Ahmad Hasan Nury,https://www.sust.edu/d/arc/faculty-profile-detail/57
Dr. Mohammod Aktarul Islam Chowdhury,https://www.sust.edu/d/arc/faculty-profile-detail/58
Dr. Bijit Kumar Banik,https://www.sust.edu/d/arc/faculty-profile-detail/59
Dr. Gulam Md. Munna,https://www.sust.edu/d/arc/faculty-profile-detail/60
Dr. H.M.A.Mahzuz,https://www.sust.edu/d/arc/faculty-profile-detail/61
Dr. Md. Jahir Bin Alam,https://www.sust.edu/d/arc/faculty-profile-detail/62
Khairul Hasan,https://www.sust.edu/d/arc/faculty-profile-detail/63
Dr. Mushtaq Ahmed,https://www.sust.edu/d/arc/faculty-profile-detail/64
Dr. Muhammad Azizul Hoque,https://www.sust.edu/d/arc/faculty-profile-detail/65
Md. Aminul Islam,https://www.sust.edu/d/arc/faculty-profile-detail/66
Dr. Md Bashirul Haque,https://www.sust.edu/d/arc/faculty-profile-detail/67
Mohaiminul Haque,https://www.sust.edu/d/arc/faculty-profile-detail/68
Dr. Md. Imran Kabir,https://www.sust.edu/d/arc/faculty-profile-detail/69
Mohammad Rafiqul Islam,https://www.sust.edu/d/arc/faculty-profile-detail/70
Dr. Mohammad Shahidur Rahman,https://www.sust.edu/d/arc/faculty-profile-detail/71
Dr. Md. Misbah Uddin,https://www.sust.edu/d/arc/faculty-profile-detail/72
Nur Md. Robiul Hoque,https://www.sust.edu/d/arc/faculty-profile-detail/73
Dr. Shriful Islam,https://www.sust.edu/d/arc/faculty-profile-detail/74
Sourav Ray,https://www.sust.edu/d/arc/faculty-profile-detail/75
Dr Md Mizanur Rahman,https://www.sust.edu/d/arc/faculty-profile-detail/76
     Dr. M. Younus,https://www.sust.edu/d/arc/faculty-profile-detail/77
Dr Syed Shamsul Alam       ,https://www.sust.edu/d/arc/faculty-profile-detail/78
Dr S M Saiful Islam,https://www.sust.edu/d/arc/faculty-profile-detail/79
Dr Md Abdus Subhan,https://www.sust.edu/d/arc/faculty-profile-detail/81
Dr Md Nizam Uddin            ,https://www.sust.edu/d/arc/faculty-profile-detail/82
 Dr. Md. Ashraful Alam         ,https://www.sust.edu/d/arc/faculty-profile-detail/83
Dr Shameem Ara Begum,https://www.sust.edu/d/arc/faculty-profile-detail/84
Dr Rockshana Begum,https://www.sust.edu/d/arc/faculty-profile-detail/85
Dr Iqbal Ahmed Siddiquey,https://www.sust.edu/d/arc/faculty-profile-detail/86
Dr. Md. Rezwan Miah,https://www.sust.edu/d/arc/faculty-profile-detail/87
Dr Mohammad Jalilur Rahman ,https://www.sust.edu/d/arc/faculty-profile-detail/88
Dr Dipen Debnath,https://www.sust.edu/d/arc/faculty-profile-detail/89
Dr Mohammad Mizanur Rahman Khan ,https://www.sust.edu/d/arc/faculty-profile-detail/90
Dr Ahmed Jalal Farid Us Samed ,https://www.sust.edu/d/arc/faculty-profile-detail/91
Dr Mohammad Salim,https://www.sust.edu/d/arc/faculty-profile-detail/92
Dr Nur Uddin Ahamad,https://www.sust.edu/d/arc/faculty-profile-detail/93
Dr. Md Mahbubul Alam ,https://www.sust.edu/d/arc/faculty-profile-detail/94
 Dr Mohammad Razaul Karim,https://www.sust.edu/d/arc/faculty-profile-detail/95
Dr Md Mostafizur Rahman,https://www.sust.edu/d/arc/faculty-profile-detail/270
Dr. Sabina Begum         ,https://www.sust.edu/d/arc/faculty-profile-detail/97
Dr. Mohammad Shahadat Hussain Chowdhury ,https://www.sust.edu/d/arc/faculty-profile-detail/98
Ramkrishna Saha,https://www.sust.edu/d/arc/faculty-profile-detail/99
Dr. Md. Azharul Arafath,https://www.sust.edu/d/arc/faculty-profile-detail/100
Dr. Belal Ahmed,https://www.sust.edu/d/arc/faculty-profile-detail/101
Dr. Shishir Kanti Pramanik,https://www.sust.edu/d/arc/faculty-profile-detail/102
Dr. Md Saiful Alam,https://www.sust.edu/d/arc/faculty-profile-detail/103
Rehana Pervin,https://www.sust.edu/d/arc/faculty-profile-detail/104
Masnun Naher,https://www.sust.edu/d/arc/faculty-profile-detail/105
Md Masum Talukder,https://www.sust.edu/d/arc/faculty-profile-detail/106
Md Muyeed Hasan,https://www.sust.edu/d/arc/faculty-profile-detail/108
Rony Basak,https://www.sust.edu/d/arc/faculty-profile-detail/109
Dr. Md. Anowarul Islam,https://www.sust.edu/d/arc/faculty-profile-detail/110
Md Bahuddin Sikder   ,https://www.sust.edu/d/arc/faculty-profile-detail/111
Nusrat Jahan Koley ,https://www.sust.edu/d/arc/faculty-profile-detail/112
Dr Md Anowarul Islam    ,https://www.sust.edu/d/arc/faculty-profile-detail/114
Dr Md Elias Uddin Biswas,https://www.sust.edu/d/arc/faculty-profile-detail/115
Dr Md Shajedul Karim    ,https://www.sust.edu/d/arc/faculty-profile-detail/116
"Md Rashed Talukder, PhD    ",https://www.sust.edu/d/arc/faculty-profile-detail/117
Dr Md Gulam Ali Hayder Chowdhury   ,https://www.sust.edu/d/arc/faculty-profile-detail/119
"Md Ashraf Uddin, PhD",https://www.sust.edu/d/arc/faculty-profile-detail/120
Dr Shamsun Naher Begum   ,https://www.sust.edu/d/arc/faculty-profile-detail/121
Dr Md Mahbubur Rashid       ,https://www.sust.edu/d/arc/faculty-profile-detail/122
Dr Nazneen Akhtar                  ,https://www.sust.edu/d/arc/faculty-profile-detail/123
Dr Sujoy Chakraborty       ,https://www.sust.edu/d/arc/faculty-profile-detail/124
Dr Mohammed Ashaque Meah ,https://www.sust.edu/d/arc/faculty-profile-detail/125
Dr Mohammad Khayrul Hasan ,https://www.sust.edu/d/arc/faculty-profile-detail/126
Md Shah Noor        ,https://www.sust.edu/d/arc/faculty-profile-detail/128
Farzana Hussain,https://www.sust.edu/d/arc/faculty-profile-detail/129
Dr Muhammad Mizanur Rahman  ,https://www.sust.edu/d/arc/faculty-profile-detail/130
Dr Mohammad Sayful Islam,https://www.sust.edu/d/arc/faculty-profile-detail/131
Dr Kausari Sultana    ,https://www.sust.edu/d/arc/faculty-profile-detail/132
Dr Razwan Ahamad,https://www.sust.edu/d/arc/faculty-profile-detail/133
Dr. Pabel Shahrear,https://www.sust.edu/d/arc/faculty-profile-detail/134
Dr Md Abdul Hye     ,https://www.sust.edu/d/arc/faculty-profile-detail/135
Dr  Md  Aminul Haque,https://www.sust.edu/d/arc/faculty-profile-detail/136
Md Abdulla Al Mamun,https://www.sust.edu/d/arc/faculty-profile-detail/137
 Dr Chandrani Nag,https://www.sust.edu/d/arc/faculty-profile-detail/138
Md Matiar Rahman      ,https://www.sust.edu/d/arc/faculty-profile-detail/139
Dr Himadri Shekhar Chakraborty  ,https://www.sust.edu/d/arc/faculty-profile-detail/140
Dr Mohammad Salah Uddin      ,https://www.sust.edu/d/arc/faculty-profile-detail/141
Dr Md Alamgir Kabir      ,https://www.sust.edu/d/arc/faculty-profile-detail/142
Dr. Syed Md Omar Faruk,https://www.sust.edu/d/arc/faculty-profile-detail/143
Dr Syed Badiuzzaman Faruque  ,https://www.sust.edu/d/arc/faculty-profile-detail/144
Dr M Habibul Ahsan   ,https://www.sust.edu/d/arc/faculty-profile-detail/145
Dr Yasmeen Haque,https://www.sust.edu/d/arc/faculty-profile-detail/146
Dr M A Hye Chowdhury,https://www.sust.edu/d/arc/faculty-profile-detail/147
Dr Susanta Kumar Das,https://www.sust.edu/d/arc/faculty-profile-detail/148
Dr Mahfuza Ahmed,https://www.sust.edu/d/arc/faculty-profile-detail/149
Dr Shumsun Naher Begum,https://www.sust.edu/d/arc/faculty-profile-detail/150
Dr Nazia Chawdhury     ,https://www.sust.edu/d/arc/faculty-profile-detail/151
Dr. Abdul Hannan,https://www.sust.edu/d/arc/faculty-profile-detail/152
Dr. Md. Shah Alam,https://www.sust.edu/d/arc/faculty-profile-detail/153
Dr Sharif Md Sharafuddin   ,https://www.sust.edu/d/arc/faculty-profile-detail/154
Dr Mohammad Delawar Hossain ,https://www.sust.edu/d/arc/faculty-profile-detail/155
Dr Sakhawat Hossain,https://www.sust.edu/d/arc/faculty-profile-detail/156
Professor Dr. Mohammed Sujaul Haque Chowdhury ,https://www.sust.edu/d/arc/faculty-profile-detail/157
Subarna Soheli   ,https://www.sust.edu/d/arc/faculty-profile-detail/158
Elhamul Hai,https://www.sust.edu/d/arc/faculty-profile-detail/159
 Dr Mst Khurshida Begum   ,https://www.sust.edu/d/arc/faculty-profile-detail/160
Dr Sarwat Binte Rafiq,https://www.sust.edu/d/arc/faculty-profile-detail/161
Muhammad Omar Faruk,https://www.sust.edu/d/arc/faculty-profile-detail/162
Dr. Tanvir Ahmed,https://www.sust.edu/d/arc/faculty-profile-detail/163
Anock Somadder,https://www.sust.edu/d/arc/faculty-profile-detail/164
Dr Md Enamul Hoque,https://www.sust.edu/d/arc/faculty-profile-detail/165
Ponkog Kumar Das,https://www.sust.edu/d/arc/faculty-profile-detail/166
Emad Uddin Choudhury,https://www.sust.edu/d/arc/faculty-profile-detail/167
Dr. Md. Kabir Hossain,https://www.sust.edu/d/arc/faculty-profile-detail/168
Dr. Md Zakir Hossain   ,https://www.sust.edu/d/arc/faculty-profile-detail/169
Dr Sabina Islam,https://www.sust.edu/d/arc/faculty-profile-detail/170
Dr Ahmad Kabir,https://www.sust.edu/d/arc/faculty-profile-detail/171
Dr Rahmat Ali,https://www.sust.edu/d/arc/faculty-profile-detail/172
Dr Mohammad Shahidul Islam,https://www.sust.edu/d/arc/faculty-profile-detail/173
Dr Md Nazrul Islam,https://www.sust.edu/d/arc/faculty-profile-detail/174
Dr. S. M. Khurshid Alam,https://www.sust.edu/d/arc/faculty-profile-detail/175
Md Ziaul Islam Chowdhury,https://www.sust.edu/d/arc/faculty-profile-detail/179
Monsur Ahmed Chowdhury,https://www.sust.edu/d/arc/faculty-profile-detail/180
 Dr. Md. Atiqul Islam,https://www.sust.edu/d/arc/faculty-profile-detail/181
Dr. Mohammad Romel Bhuia,https://www.sust.edu/d/arc/faculty-profile-detail/182
"Sumonkanti Das, PhD",https://www.sust.edu/d/arc/faculty-profile-detail/183
Dr Mossamet Kamrun Nesa,https://www.sust.edu/d/arc/faculty-profile-detail/184
Dr. Mirza Nazmul Hasan,https://www.sust.edu/d/arc/faculty-profile-detail/185
 Mirajul Islam,https://www.sust.edu/d/arc/faculty-profile-detail/186
Dr.  Kanis Fatama Ferdushi,https://www.sust.edu/d/arc/faculty-profile-detail/187
"Mst Arzuba Akter, PhD",https://www.sust.edu/d/arc/faculty-profile-detail/188
Abu Ali Ibn Sina,https://www.sust.edu/d/arc/faculty-profile-detail/189
Dr Md Abul Kalam Azad,https://www.sust.edu/d/arc/faculty-profile-detail/190
"Md Shamsul Haque Prodhan, PhD ",https://www.sust.edu/d/arc/faculty-profile-detail/191
Dr S M Abu Sayem,https://www.sust.edu/d/arc/faculty-profile-detail/192
Dr Md Kamrul Islam,https://www.sust.edu/d/arc/faculty-profile-detail/193
Dr. Mohammad Zahangir Alam ,https://www.sust.edu/d/arc/faculty-profile-detail/194
Dr. Md. Abdullah Al Mamun ,https://www.sust.edu/d/arc/faculty-profile-detail/195
Dr. Md. Faruque Miah,https://www.sust.edu/d/arc/faculty-profile-detail/196
Dr Mohammad Jakir Hosen,https://www.sust.edu/d/arc/faculty-profile-detail/197
"Md Jahangir Alam, PhD",https://www.sust.edu/d/arc/faculty-profile-detail/198
Zobada Kanak Khan,https://www.sust.edu/d/arc/faculty-profile-detail/199
Dr. Md Jahangir Alam,https://www.sust.edu/d/arc/faculty-profile-detail/200
"Asif Iqbal, Ph.D.",https://www.sust.edu/d/arc/faculty-profile-detail/201
"Md Asraful Jahan, PhD",https://www.sust.edu/d/arc/faculty-profile-detail/202
"Md Shakhinur Islam Mondal, PhD",https://www.sust.edu/d/arc/faculty-profile-detail/203
Dr. Md Ashrafuzzaman,https://www.sust.edu/d/arc/faculty-profile-detail/204
"Anindita Chakraborty, PhD",https://www.sust.edu/d/arc/faculty-profile-detail/205
Dr. Gokul Chandra Biswas,https://www.sust.edu/d/arc/faculty-profile-detail/206
Dr. Md Javed FOYSAL,https://www.sust.edu/d/arc/faculty-profile-detail/207
Md Hazrat Ali,https://www.sust.edu/d/arc/faculty-profile-detail/208
Md Hammadul Hoque ,https://www.sust.edu/d/arc/faculty-profile-detail/209
Sabrina Suhani,https://www.sust.edu/d/arc/faculty-profile-detail/210
Ziaul Faruque Joy,https://www.sust.edu/d/arc/faculty-profile-detail/211
Dr Narayan Saha,https://www.sust.edu/d/arc/faculty-profile-detail/212
Dr Md Qumruzzaman Chowdhury,https://www.sust.edu/d/arc/faculty-profile-detail/213
Dr. A. Z. M. Manzoor Rashid,https://www.sust.edu/d/arc/faculty-profile-detail/214
Dr. Mohammad Belal Uddin,https://www.sust.edu/d/arc/faculty-profile-detail/215
Dr. Romel Ahmed,https://www.sust.edu/d/arc/faculty-profile-detail/216
Dr. Mohammad Redowan,https://www.sust.edu/d/arc/faculty-profile-detail/218
Dr Farzana Raihan,https://www.sust.edu/d/arc/faculty-profile-detail/219
Dr. Mizanur Rahman,https://www.sust.edu/d/arc/faculty-profile-detail/220
Dr. Swapan Kumar Sarker,https://www.sust.edu/d/arc/faculty-profile-detail/221
Md Abdul Halim,https://www.sust.edu/d/arc/faculty-profile-detail/223
Dr. Kazi Mohammad Masum,https://www.sust.edu/d/arc/faculty-profile-detail/224
Mohammad Golam Kibria,https://www.sust.edu/d/arc/faculty-profile-detail/225
Mahmuda Sharmin ,https://www.sust.edu/d/arc/faculty-profile-detail/226
Dr. Mahmuda Islam,https://www.sust.edu/d/arc/faculty-profile-detail/227
Dr. Mohammed Abu Sayed Arfin Khan,https://www.sust.edu/d/arc/faculty-profile-detail/228
Md Sumon Reza  ,https://www.sust.edu/d/arc/faculty-profile-detail/229
Fahmida Sultana,https://www.sust.edu/d/arc/faculty-profile-detail/230
Dr. Sourav Das  ,https://www.sust.edu/d/arc/faculty-profile-detail/231
Nusrat Islam  ,https://www.sust.edu/d/arc/faculty-profile-detail/232
Sontosh Kumar Deb  ,https://www.sust.edu/d/arc/faculty-profile-detail/233
Dr. Md. Mustafizur Rahman,https://www.sust.edu/d/arc/faculty-profile-detail/234
K Taufiq Elahi ,https://www.sust.edu/d/arc/faculty-profile-detail/235
S M Zahed Sarwar,https://www.sust.edu/d/arc/faculty-profile-detail/236
Iftekhar Rahman,https://www.sust.edu/d/arc/faculty-profile-detail/237
Rezwan Sobhan,https://www.sust.edu/d/arc/faculty-profile-detail/238
Shubhajit Chowdhury ,https://www.sust.edu/d/arc/faculty-profile-detail/239
Mohammad Shamsul Arefin ,https://www.sust.edu/d/arc/faculty-profile-detail/240
Afrina Haque,https://www.sust.edu/d/arc/faculty-profile-detail/241
Kawshik Saha,https://www.sust.edu/d/arc/faculty-profile-detail/242
Subrata Das,https://www.sust.edu/d/arc/faculty-profile-detail/243
Mohammad Tanvir Hasan,https://www.sust.edu/d/arc/faculty-profile-detail/244
Hossain Mohammad Nahyan ,https://www.sust.edu/d/arc/faculty-profile-detail/245
Gourpada Dey,https://www.sust.edu/d/arc/faculty-profile-detail/247
Md Mostafizur Rahman,https://www.sust.edu/d/arc/faculty-profile-detail/248
Dr Mohammed Mastabur Rahman ,https://www.sust.edu/d/arc/faculty-profile-detail/249
Dr Md Akhtarul Islam     ,https://www.sust.edu/d/arc/faculty-profile-detail/250
Dr Maksudur Rahman Khan,https://www.sust.edu/d/arc/faculty-profile-detail/251
Dr. Mohammed Jasim Uddin,https://www.sust.edu/d/arc/faculty-profile-detail/252
Dr Engr Salma Akhter ,https://www.sust.edu/d/arc/faculty-profile-detail/253
Abu Yousuf,https://www.sust.edu/d/arc/faculty-profile-detail/254
Dr. Md Abdul Mumin,https://www.sust.edu/d/arc/faculty-profile-detail/255
Dr Md Tamez Uddin ,https://www.sust.edu/d/arc/faculty-profile-detail/256
Dr Md Salatul Islam Mozumder,https://www.sust.edu/d/arc/faculty-profile-detail/257
Dr. Kazi Farida Akhter,https://www.sust.edu/d/arc/faculty-profile-detail/258
Md Mohibul Alam   ,https://www.sust.edu/d/arc/faculty-profile-detail/259
Dr. Muhammad Nurunnabi Siddiquee,https://www.sust.edu/d/arc/faculty-profile-detail/260
Dr Md Zakir Hossain,https://www.sust.edu/d/arc/faculty-profile-detail/261
Dr Muhammad Zobayer Bin Mukhlish,https://www.sust.edu/d/arc/faculty-profile-detail/262
Dr Md Fakar Uddin,https://www.sust.edu/d/arc/faculty-profile-detail/263
Pradip Saha,https://www.sust.edu/d/arc/faculty-profile-detail/264
Dr Mohammad Shaiful Alam Amin  ,https://www.sust.edu/d/arc/faculty-profile-detail/265
Sreejon Das,https://www.sust.edu/d/arc/faculty-profile-detail/266
Dr Muhammad Abdus Salam,https://www.sust.edu/d/arc/faculty-profile-detail/267
Dr Mohammad Rakib Uddin,https://www.sust.edu/d/arc/faculty-profile-detail/268
Niloy Chandra Sarker,https://www.sust.edu/d/arc/faculty-profile-detail/269
Mitun Chandra Bhoumick ,https://www.sust.edu/d/arc/faculty-profile-detail/271
Humayun Ahmad,https://www.sust.edu/d/arc/faculty-profile-detail/272
Rahatun Akter,https://www.sust.edu/d/arc/faculty-profile-detail/273
Dr. G. M. Jahid Hasan,https://www.sust.edu/d/arc/faculty-profile-detail/274
Raquibul Alam,https://www.sust.edu/d/arc/faculty-profile-detail/275
Rifath Sharmin,https://www.sust.edu/d/arc/faculty-profile-detail/276
Dr. Tajmunnaher,https://www.sust.edu/d/arc/faculty-profile-detail/277
Dr. Muhammad Saiful Islam,https://www.sust.edu/d/arc/faculty-profile-detail/278
Shilpy Rani Basak,https://www.sust.edu/d/arc/faculty-profile-detail/279
Syed Shahriar Manjur  ,https://www.sust.edu/d/arc/faculty-profile-detail/280
Biswajit Paul,https://www.sust.edu/d/arc/faculty-profile-detail/282
Dr. Md Rasedujjaman,https://www.sust.edu/d/arc/faculty-profile-detail/283
Dr. Ifte Khairul Amin,https://www.sust.edu/d/arc/faculty-profile-detail/284
Mehedhi Hasan,https://www.sust.edu/d/arc/faculty-profile-detail/285
Tuhin Dey,https://www.sust.edu/d/arc/faculty-profile-detail/286
Md Minarul Islam ,https://www.sust.edu/d/arc/faculty-profile-detail/288
Jawata Afnan ,https://www.sust.edu/d/arc/faculty-profile-detail/289
Dr. Mohammad Kamruzzaman Khan Prince ,https://www.sust.edu/d/arc/faculty-profile-detail/290
Dr. Md. Mozammel Hoque,https://www.sust.edu/d/arc/faculty-profile-detail/291
Dr Iftekhar Ahmad,https://www.sust.edu/d/arc/faculty-profile-detail/293
Dr G M Rabiul Islam,https://www.sust.edu/d/arc/faculty-profile-detail/294
Dr Wahiduzzaman,https://www.sust.edu/d/arc/faculty-profile-detail/295
Md. Belal Hossain Sikder,https://www.sust.edu/d/arc/faculty-profile-detail/296
Dr Rowshon Ara,https://www.sust.edu/d/arc/faculty-profile-detail/297
Ayesha Sarker,https://www.sust.edu/d/arc/faculty-profile-detail/298
Dr. Razia Sultana Chowdhury ,https://www.sust.edu/d/arc/faculty-profile-detail/299
Dr.  Animesh Sarkar,https://www.sust.edu/d/arc/faculty-profile-detail/300
Dr Md. Mostafizar Rahman,https://www.sust.edu/d/arc/faculty-profile-detail/301
Dr Md Zohurul Islam,https://www.sust.edu/d/arc/faculty-profile-detail/302
 Md. Monir Hossain,https://www.sust.edu/d/arc/faculty-profile-detail/303
Md. Rahmatuzzaman Rana,https://www.sust.edu/d/arc/faculty-profile-detail/304
Md. Mahfuzur Rahman,https://www.sust.edu/d/arc/faculty-profile-detail/305
Mukta Roy,https://www.sust.edu/d/arc/faculty-profile-detail/306
Dr. Kamrunnaher Monalisa,https://www.sust.edu/d/arc/faculty-profile-detail/307
Mohammad Afzal Hossain,https://www.sust.edu/d/arc/faculty-profile-detail/308
Mizanur Rahman,https://www.sust.edu/d/arc/faculty-profile-detail/411
Dr Abul Mukid Mohammad Mukaddes ,https://www.sust.edu/d/arc/faculty-profile-detail/310
Dr. Engr. Mohammad Iqbal ,https://www.sust.edu/d/arc/faculty-profile-detail/311
Dr Md Ariful Islam  ,https://www.sust.edu/d/arc/faculty-profile-detail/312
Dr. Mohammad Muhshin Aziz Khan ,https://www.sust.edu/d/arc/faculty-profile-detail/313
Dr Muhammad Mahamood Hasan,https://www.sust.edu/d/arc/faculty-profile-detail/314
Dr. Md Abu Hayat Mithu,https://www.sust.edu/d/arc/faculty-profile-detail/315
Dr. A. B. M. Abdul Malek,https://www.sust.edu/d/arc/faculty-profile-detail/316
Dr. Ahmed Sayem,https://www.sust.edu/d/arc/faculty-profile-detail/317
Syed Misbah Uddin,https://www.sust.edu/d/arc/faculty-profile-detail/318
 Chowdury Md Luthfur Rahman ,https://www.sust.edu/d/arc/faculty-profile-detail/319
Md Anisul Islam,https://www.sust.edu/d/arc/faculty-profile-detail/320
Dr. Choudhury Abul Anam Rashed  ,https://www.sust.edu/d/arc/faculty-profile-detail/321
Dr. Mst. Nasima Bagum,https://www.sust.edu/d/arc/faculty-profile-detail/322
Muhammad Abdus Samad,https://www.sust.edu/d/arc/faculty-profile-detail/323
Dr. Md Rezaul Hasan Shumon,https://www.sust.edu/d/arc/faculty-profile-detail/324
Shuchisnigdha Deb,https://www.sust.edu/d/arc/faculty-profile-detail/325
Engr Mohammed Abdul Karim,https://www.sust.edu/d/arc/faculty-profile-detail/326
Ahmed Salman Imtiaz,https://www.sust.edu/d/arc/faculty-profile-detail/327
Shanta Saha,https://www.sust.edu/d/arc/faculty-profile-detail/328
 Syeda Kumrun Nahar,https://www.sust.edu/d/arc/faculty-profile-detail/329
Jahid Hasan,https://www.sust.edu/d/arc/faculty-profile-detail/330
Dr. Muhammad Farhad Howladar ,https://www.sust.edu/d/arc/faculty-profile-detail/331
Dr. Md. Shofiqul Islam,https://www.sust.edu/d/arc/faculty-profile-detail/333
Scientist Dr. Md. Rafiqul Islam (Rafiq),https://www.sust.edu/d/arc/faculty-profile-detail/335
Pulok Kanti Deb,https://www.sust.edu/d/arc/faculty-profile-detail/337
Arifur Rahman,https://www.sust.edu/d/arc/faculty-profile-detail/338
Labiba Nusrat Jahan,https://www.sust.edu/d/arc/faculty-profile-detail/341
A K M Mazharul Islam,https://www.sust.edu/d/arc/faculty-profile-detail/342
Dr Abdul Awwal Biswas       ,https://www.sust.edu/d/arc/faculty-profile-detail/343
Md. Mokhlesur Rahman    ,https://www.sust.edu/d/arc/faculty-profile-detail/344
AFM Zakaria ,https://www.sust.edu/d/arc/faculty-profile-detail/345
Dr. Choudhury Farhana Jhuma,https://www.sust.edu/d/arc/faculty-profile-detail/346
Dr. Nur Mohammad Majumder,https://www.sust.edu/d/arc/faculty-profile-detail/347
 Dr. Mohammad Monjur-Ul-Haider  ,https://www.sust.edu/d/arc/faculty-profile-detail/348
Dr. Amina Khatun,https://www.sust.edu/d/arc/faculty-profile-detail/349
Halima Akhter,https://www.sust.edu/d/arc/faculty-profile-detail/350
Sanjay Krishno Biswas ,https://www.sust.edu/d/arc/faculty-profile-detail/351
Zafrin Ahmed Liza,https://www.sust.edu/d/arc/faculty-profile-detail/352
Dr. Md Shahgahan Miah,https://www.sust.edu/d/arc/faculty-profile-detail/353
Mohammad Javed Kaisar Ibne Rahman ,https://www.sust.edu/d/arc/faculty-profile-detail/354
Korima Begum,https://www.sust.edu/d/arc/faculty-profile-detail/355
 Moni Paul,https://www.sust.edu/d/arc/faculty-profile-detail/356
Dr Sharadindu Bhattacharjee  ,https://www.sust.edu/d/arc/faculty-profile-detail/357
Dr Md Abdur Rahim,https://www.sust.edu/d/arc/faculty-profile-detail/358
Dr. Md. Ashraful Karim      ,https://www.sust.edu/d/arc/faculty-profile-detail/359
Farjana Siddika,https://www.sust.edu/d/arc/faculty-profile-detail/360
Dr. Md. Rejaul Islam,https://www.sust.edu/d/arc/faculty-profile-detail/361
Dr Shirin Akter Sarker,https://www.sust.edu/d/arc/faculty-profile-detail/362
Dr.Nilufa Aktar,https://www.sust.edu/d/arc/faculty-profile-detail/363
"Md Zafir Uddin (Zafir Setu: জফির সেতু), PhD",https://www.sust.edu/d/arc/faculty-profile-detail/364
Dr. Md. Masud Parvaj  (মাসুদ পারভেজ) ,https://www.sust.edu/d/arc/faculty-profile-detail/365
Sarker Sohel Rana ,https://www.sust.edu/d/arc/faculty-profile-detail/366
Dr. Md Zahangir Alam ,https://www.sust.edu/d/arc/faculty-profile-detail/367
Dr Md Foyzul Haque             ,https://www.sust.edu/d/arc/faculty-profile-detail/368
Syed Hasanuzzaman      ,https://www.sust.edu/d/arc/faculty-profile-detail/369
Dr Rezai Karim Khondker,https://www.sust.edu/d/arc/faculty-profile-detail/370
Dr Sayan Chakrabarty,https://www.sust.edu/d/arc/faculty-profile-detail/371
Dr Mohammad Abdul Munim Joarder,https://www.sust.edu/d/arc/faculty-profile-detail/372
Dr Mohammad Rafiqul Islam,https://www.sust.edu/d/arc/faculty-profile-detail/373
Muhammad Akhtaruzzaman,https://www.sust.edu/d/arc/faculty-profile-detail/374
Zahir Uddin Ahmed,https://www.sust.edu/d/arc/faculty-profile-detail/375
"Masud Alam, Ph.D.",https://www.sust.edu/d/arc/faculty-profile-detail/376
Dr Mohammad Abdul Hannan Pradhan,https://www.sust.edu/d/arc/faculty-profile-detail/377
Dr Mohammad Sadiqunnabi Choudhury,https://www.sust.edu/d/arc/faculty-profile-detail/378
Dr. Sabiha Afrin,https://www.sust.edu/d/arc/faculty-profile-detail/379
Mahmuda Sultana,https://www.sust.edu/d/arc/faculty-profile-detail/380
Nazmunnessa Bakth,https://www.sust.edu/d/arc/faculty-profile-detail/381
 Khan Jahirul Islam,https://www.sust.edu/d/arc/faculty-profile-detail/382
Dr. Muntaha Rakib,https://www.sust.edu/d/arc/faculty-profile-detail/383
Shahnaz Haque,https://www.sust.edu/d/arc/faculty-profile-detail/384
A K M Nurul Hossain,https://www.sust.edu/d/arc/faculty-profile-detail/385
Monir Uddin Ahmed,https://www.sust.edu/d/arc/faculty-profile-detail/386
Dr Md Mahbubul Hakim,https://www.sust.edu/d/arc/faculty-profile-detail/387
 Asrafuzzaman,https://www.sust.edu/d/arc/faculty-profile-detail/388
Md Jakir Hussain,https://www.sust.edu/d/arc/faculty-profile-detail/389
Md Gias Uddin Khan,https://www.sust.edu/d/arc/faculty-profile-detail/390
 Md Aslam Hossain,https://www.sust.edu/d/arc/faculty-profile-detail/391
Chowdhury Abdullah-Al-Baki,https://www.sust.edu/d/arc/faculty-profile-detail/392
Dr Farhana Ahmed,https://www.sust.edu/d/arc/faculty-profile-detail/393
Dr. Amit Roy,https://www.sust.edu/d/arc/faculty-profile-detail/394
Md Akther Husain,https://www.sust.edu/d/arc/faculty-profile-detail/395
Plaban Chandra Saha,https://www.sust.edu/d/arc/faculty-profile-detail/396
Dr. Munshi Naser Ibne Afzal,https://www.sust.edu/d/arc/faculty-profile-detail/397
Dr Md Ati Ullah,https://www.sust.edu/d/arc/faculty-profile-detail/398
Dr Himadri Sekhar Roy             ,https://www.sust.edu/d/arc/faculty-profile-detail/399
Dr Muhammad Alamgir Toimoor,https://www.sust.edu/d/arc/faculty-profile-detail/400
Dr Shahed Ahmed,https://www.sust.edu/d/arc/faculty-profile-detail/401
Shahnaz Mahmud,https://www.sust.edu/d/arc/faculty-profile-detail/402
Dr. Hossain Al Mamun,https://www.sust.edu/d/arc/faculty-profile-detail/403
Dr Shanjida Khatun Boksh,https://www.sust.edu/d/arc/faculty-profile-detail/404
Shareefa Yasmeen,https://www.sust.edu/d/arc/faculty-profile-detail/405
Mohammad Rajik Miah  ,https://www.sust.edu/d/arc/faculty-profile-detail/406
Sayeef Ahmed                 ,https://www.sust.edu/d/arc/faculty-profile-detail/407
Md Sikandar Ali,https://www.sust.edu/d/arc/faculty-profile-detail/408
Dr Mohammad Shafiqul Islam,https://www.sust.edu/d/arc/faculty-profile-detail/409
Md Ishrat Ibne Ismail     ,https://www.sust.edu/d/arc/faculty-profile-detail/410
Panna Majumder              ,https://www.sust.edu/d/arc/faculty-profile-detail/412
Rokeya Begum ,https://www.sust.edu/d/arc/faculty-profile-detail/413
Sahelee Parveen Dipa,https://www.sust.edu/d/arc/faculty-profile-detail/414
Talukdar Mohammad Misbah Uddin,https://www.sust.edu/d/arc/faculty-profile-detail/415
Mrs. Shahrin Fardous,https://www.sust.edu/d/arc/faculty-profile-detail/416
Md Abu Hena Pohil,https://www.sust.edu/d/arc/faculty-profile-detail/417
Dr Dilara Rahman,https://www.sust.edu/d/arc/faculty-profile-detail/418
Dr. Zayeda Sharmin,https://www.sust.edu/d/arc/faculty-profile-detail/419
Dr. Syed Ashrafur Rahman,https://www.sust.edu/d/arc/faculty-profile-detail/420
Dr S M Hasan Zakirul Islam,https://www.sust.edu/d/arc/faculty-profile-detail/421
 Dr. Mohammad Jahirul Hoque,https://www.sust.edu/d/arc/faculty-profile-detail/422
Dr Md Masud Sarker,https://www.sust.edu/d/arc/faculty-profile-detail/423
Dr. Md Nazrul Islam,https://www.sust.edu/d/arc/faculty-profile-detail/424
Syeda Ismat Ara Jahan,https://www.sust.edu/d/arc/faculty-profile-detail/425
Dr Fahmida Aktar,https://www.sust.edu/d/arc/faculty-profile-detail/426
Dr. Md Shahabul Haque,https://www.sust.edu/d/arc/faculty-profile-detail/427
Dr. Md Amdadul Haque,https://www.sust.edu/d/arc/faculty-profile-detail/428
Dr Mohammad Fakhrus Salam,https://www.sust.edu/d/arc/faculty-profile-detail/429
Dr. Hajera Aktar,https://www.sust.edu/d/arc/faculty-profile-detail/430
Md Mahbub Alam,https://www.sust.edu/d/arc/faculty-profile-detail/431
Mohammad Shakil Bhuiyan ,https://www.sust.edu/d/arc/faculty-profile-detail/432
Anwara Begum,https://www.sust.edu/d/arc/faculty-profile-detail/434
Dr. Mohammad Shafiqul Islam,https://www.sust.edu/d/arc/faculty-profile-detail/435
Dr Shamima Tasnim,https://www.sust.edu/d/arc/faculty-profile-detail/436
Dr Mohammad Nashir Uddin,https://www.sust.edu/d/arc/faculty-profile-detail/437
Mohammad Shahjahan Chowdhury Ph. D. ,https://www.sust.edu/d/arc/faculty-profile-detail/438
Dr. Fatema Khatun,https://www.sust.edu/d/arc/faculty-profile-detail/439
Dr. Md. Assraf Seddiky,https://www.sust.edu/d/arc/faculty-profile-detail/440
Chowdhury Abdullah Al-Hossienie,https://www.sust.edu/d/arc/faculty-profile-detail/441
Dr. Esmat Ara,https://www.sust.edu/d/arc/faculty-profile-detail/442
Mohammad Samiul Islam  ,https://www.sust.edu/d/arc/faculty-profile-detail/443
Mohammad Hamiduzzaman,https://www.sust.edu/d/arc/faculty-profile-detail/444
Kanij Fatema                   ,https://www.sust.edu/d/arc/faculty-profile-detail/445
Md Mahmud Hasan           ,https://www.sust.edu/d/arc/faculty-profile-detail/446
Fakhrul Islam                    ,https://www.sust.edu/d/arc/faculty-profile-detail/447
Dr Tulshi Kumar Das    ,https://www.sust.edu/d/arc/faculty-profile-detail/448
Dr A K M Mahbubuzzaman,https://www.sust.edu/d/arc/faculty-profile-detail/449
Amina Pervin,https://www.sust.edu/d/arc/faculty-profile-detail/450
Muhammed Muazzam Hussain ,https://www.sust.edu/d/arc/faculty-profile-detail/451
Md Mizanur Rahman  ,https://www.sust.edu/d/arc/faculty-profile-detail/452
Syeda Sultana Parveen ,https://www.sust.edu/d/arc/faculty-profile-detail/453
Tahmina Islam,https://www.sust.edu/d/arc/faculty-profile-detail/454
Dr. Md Abdul Jalil,https://www.sust.edu/d/arc/faculty-profile-detail/455
"Shofiqur Rahman Chowdhury, PhD",https://www.sust.edu/d/arc/faculty-profile-detail/456
Abul Kashem,https://www.sust.edu/d/arc/faculty-profile-detail/457
Shirin Sultana,https://www.sust.edu/d/arc/faculty-profile-detail/458
 Md. Fakhrul Alam,https://www.sust.edu/d/arc/faculty-profile-detail/459
Krittebas Paul               ,https://www.sust.edu/d/arc/faculty-profile-detail/460
Priyanka Bhattacharjee,https://www.sust.edu/d/arc/faculty-profile-detail/461
"Mohammad Jasim Uddin, (PhD, Helsinki)",https://www.sust.edu/d/arc/faculty-profile-detail/462
Dr Kamal Ahmed Chowdhury,https://www.sust.edu/d/arc/faculty-profile-detail/464
Dr Md Abdul Ghani      ,https://www.sust.edu/d/arc/faculty-profile-detail/465
Dr. Laila Ashrafun,https://www.sust.edu/d/arc/faculty-profile-detail/466
Dr. A H M Belayeth Hussain    ,https://www.sust.edu/d/arc/faculty-profile-detail/467
Dr. Md. Al-Amin        ,https://www.sust.edu/d/arc/faculty-profile-detail/468
Mohammed Faruque Uddin,https://www.sust.edu/d/arc/faculty-profile-detail/469
Dr Shah Md Atiqul Haq ,https://www.sust.edu/d/arc/faculty-profile-detail/470
Mohammed Anwar Hossain,https://www.sust.edu/d/arc/faculty-profile-detail/471
Mohammad Mostufa Kamal     ,https://www.sust.edu/d/arc/faculty-profile-detail/472
Tanzina Choudhury,https://www.sust.edu/d/arc/faculty-profile-detail/473
Dr. Mohammad Morad       ,https://www.sust.edu/d/arc/faculty-profile-detail/474
Nadia Haque,https://www.sust.edu/d/arc/faculty-profile-detail/475
Sebak Kumar Saha,https://www.sust.edu/d/arc/faculty-profile-detail/476
Iqbal Ahmed Chowdhury,https://www.sust.edu/d/arc/faculty-profile-detail/477
Al Amin Rabby,https://www.sust.edu/d/arc/faculty-profile-detail/478
Nikhilendu Deb,https://www.sust.edu/d/arc/faculty-profile-detail/479
Mahed-Ul-Islam Choudhury ,https://www.sust.edu/d/arc/faculty-profile-detail/480
Sumena Sultana               ,https://www.sust.edu/d/arc/faculty-profile-detail/481
Supana Dutta               ,https://www.sust.edu/d/arc/faculty-profile-detail/482
Sk Nasrin Haque               ,https://www.sust.edu/d/arc/faculty-profile-detail/483
Dr Md Nazrul Islam       ,https://www.sust.edu/d/arc/faculty-profile-detail/484
Dr. Mosaddak Ahmed Chowdhury ,https://www.sust.edu/d/arc/faculty-profile-detail/485
Dr Md Monirul Islam   ,https://www.sust.edu/d/arc/faculty-profile-detail/486
Dr Md Khairul Islam          ,https://www.sust.edu/d/arc/faculty-profile-detail/487
Dr. Md. Abdul Hamid           ,https://www.sust.edu/d/arc/faculty-profile-detail/488
Dr Mazharul Hasan Mazumder   ,https://www.sust.edu/d/arc/faculty-profile-detail/489
Dr. Mohammad Shahidul Hoque   ,https://www.sust.edu/d/arc/faculty-profile-detail/490
Syed Towfiq Mahmood Hasan,https://www.sust.edu/d/arc/faculty-profile-detail/491
Dr Fazle Elahi Md Faisal ,https://www.sust.edu/d/arc/faculty-profile-detail/492
Dr. Mohammad Mizenur Rahaman,https://www.sust.edu/d/arc/faculty-profile-detail/493
Sobhana Tanzima Atiq,https://www.sust.edu/d/arc/faculty-profile-detail/494
Dr Md Zillur Rahman,https://www.sust.edu/d/arc/faculty-profile-detail/495
Dr. Syed Mohammad Khaled Rahman,https://www.sust.edu/d/arc/faculty-profile-detail/496
Sakufa Chowdhury,https://www.sust.edu/d/arc/faculty-profile-detail/497
Tahsina Haque Simu,https://www.sust.edu/d/arc/faculty-profile-detail/498
Dr. Tasmina Chowdhury Tania,https://www.sust.edu/d/arc/faculty-profile-detail/499
Saleh Ahmad Abdullah,https://www.sust.edu/d/arc/faculty-profile-detail/500
Dr. Mohammad Ashraful Ferdous Chowdhury ,https://www.sust.edu/d/arc/faculty-profile-detail/501
Rupak Dash,https://www.sust.edu/d/arc/faculty-profile-detail/503
Shahla Safwat Ravhee,https://www.sust.edu/d/arc/faculty-profile-detail/504
Dr Md Ariful Islam,https://www.sust.edu/d/arc/faculty-profile-detail/505
Dr. Md. Tauhid-Ur-Rahman,https://www.sust.edu/d/arc/faculty-profile-detail/506
Md.	 Ferdous Alam ,https://www.sust.edu/d/arc/faculty-profile-detail/508
Md. Zahidul Islam ,https://www.sust.edu/d/arc/faculty-profile-detail/509
Mr Md Zakaria,https://www.sust.edu/d/arc/faculty-profile-detail/510
Mr A K M Zakir Hussan     ,https://www.sust.edu/d/arc/faculty-profile-detail/511
Mr Md Zohurul Alam         ,https://www.sust.edu/d/arc/faculty-profile-detail/512
Mr Md Abdul Kadir Tarafder 	,https://www.sust.edu/d/arc/faculty-profile-detail/513
Mr Md Sayeed Hossain ,https://www.sust.edu/d/arc/faculty-profile-detail/514
Mr Md Saleh Ahmed,https://www.sust.edu/d/arc/faculty-profile-detail/515
Mr Md Maynul Islam Chowdhury,https://www.sust.edu/d/arc/faculty-profile-detail/516
Mr Md Jamal Hossain,https://www.sust.edu/d/arc/faculty-profile-detail/517
Mr Md Selim Reza,https://www.sust.edu/d/arc/faculty-profile-detail/518
Mr Mohammed Ruhel,https://www.sust.edu/d/arc/faculty-profile-detail/519
Mr A K M Mahbubur Rahman ,https://www.sust.edu/d/arc/faculty-profile-detail/520
Mr Md Sultan Ahmed,https://www.sust.edu/d/arc/faculty-profile-detail/521
Mr Md Babul Hossain,https://www.sust.edu/d/arc/faculty-profile-detail/522
Mr Md Ferdous Rahman,https://www.sust.edu/d/arc/faculty-profile-detail/523
 Mr Md Rais Uddin,https://www.sust.edu/d/arc/faculty-profile-detail/524
Mr Abul Bashar Mohammad Enayet Hussain,https://www.sust.edu/d/arc/faculty-profile-detail/525
Mr Md Habibur Rahman          ,https://www.sust.edu/d/arc/faculty-profile-detail/526
Mr Razon Chandra Bordan         ,https://www.sust.edu/d/arc/faculty-profile-detail/527
Mr Md Abul Kashem      ,https://www.sust.edu/d/arc/faculty-profile-detail/528
Mr Md Nazrul Islam   ,https://www.sust.edu/d/arc/faculty-profile-detail/529
Mr A H M Humayun Kabir   ,https://www.sust.edu/d/arc/faculty-profile-detail/530
Mr Muhammed Shah Alam    ,https://www.sust.edu/d/arc/faculty-profile-detail/531
Mr Md Sahid Alam   ,https://www.sust.edu/d/arc/faculty-profile-detail/532
Dr Kh Md Mominul Haque,https://www.sust.edu/d/arc/faculty-profile-detail/533
Mr Md Salah Uddin      ,https://www.sust.edu/d/arc/faculty-profile-detail/534
Mrs Quazi Rahima Zebunnessa Begum ,https://www.sust.edu/d/arc/faculty-profile-detail/535
Mr Sukh Ranjan Chanda    ,https://www.sust.edu/d/arc/faculty-profile-detail/536
Mr Mohammed Jaynal Abedin,https://www.sust.edu/d/arc/faculty-profile-detail/537
Mr A S H Musanna Zami    ,https://www.sust.edu/d/arc/faculty-profile-detail/539
Mr Md Abul Kashem,https://www.sust.edu/d/arc/faculty-profile-detail/540
Engr Mohammed Rafiqullah,https://www.sust.edu/d/arc/faculty-profile-detail/541
Mr Md Shohidul Islam,https://www.sust.edu/d/arc/faculty-profile-detail/543
Mr Md Jitu Miah,https://www.sust.edu/d/arc/faculty-profile-detail/544
Mr Mohammed Ashraful Haque ,https://www.sust.edu/d/arc/faculty-profile-detail/545
Mr Md Shafique Uddin,https://www.sust.edu/d/arc/faculty-profile-detail/546
Mr Md Faruk Ahmed,https://www.sust.edu/d/arc/faculty-profile-detail/547
Mr Jamran Ahmed Chowdhury	,https://www.sust.edu/d/arc/faculty-profile-detail/548
Abu Bakar Siddiqui,https://www.sust.edu/d/arc/faculty-profile-detail/549
Md. Jakaria,https://www.sust.edu/d/arc/faculty-profile-detail/550
Mr Mohammed Omar Faruque,https://www.sust.edu/d/arc/faculty-profile-detail/551
Mr Mohammad Shahedul Hossain,https://www.sust.edu/d/arc/faculty-profile-detail/552
A. T. M. Shahidul Huqe Muzemder,https://www.sust.edu/d/arc/faculty-profile-detail/555
Md Ashraf Hussain,https://www.sust.edu/d/arc/faculty-profile-detail/556
Md. Tariqul Islam,https://www.sust.edu/d/arc/faculty-profile-detail/558
Sameena Begum,https://www.sust.edu/d/arc/faculty-profile-detail/559
Syeda Ayshia Akter,https://www.sust.edu/d/arc/faculty-profile-detail/560
"Zia Ahmed, PhD",https://www.sust.edu/d/arc/faculty-profile-detail/561
Md. Shahadat Hossain,https://www.sust.edu/d/arc/faculty-profile-detail/562
Ms. Maleeha Matin,https://www.sust.edu/d/arc/faculty-profile-detail/563
Mr. Alim Uddin Al Azad,https://www.sust.edu/d/arc/faculty-profile-detail/564
Gulam Rumman Chowdhury,https://www.sust.edu/d/arc/faculty-profile-detail/565
Abdul Kaddush,https://www.sust.edu/d/arc/faculty-profile-detail/566
Arif Ahammad,https://www.sust.edu/d/arc/faculty-profile-detail/567
" Md. Rashed Talukder, PhD",https://www.sust.edu/d/arc/faculty-profile-detail/568
Md. Ahsanul Islam,https://www.sust.edu/d/arc/faculty-profile-detail/569
Dr. Subrata Sarker,https://www.sust.edu/d/arc/faculty-profile-detail/570
Md. Solaiman Hossain,https://www.sust.edu/d/arc/faculty-profile-detail/571
Dr. Md. Mohsinur Rahman Adnan,https://www.sust.edu/d/arc/faculty-profile-detail/572
"Md. Zafrul Hasan, PhD",https://www.sust.edu/d/arc/faculty-profile-detail/573
Dr. Md. Nurshad Ali,https://www.sust.edu/d/arc/faculty-profile-detail/574
Dr. Shaikh Mirja Nurunnabi,https://www.sust.edu/d/arc/faculty-profile-detail/575
Md. Waseque Mia,https://www.sust.edu/d/arc/faculty-profile-detail/576
"Nayan Chandra Mohanto, PhD",https://www.sust.edu/d/arc/faculty-profile-detail/577
"Dr. Mohammad Abul Hasnat, PhD",https://www.sust.edu/d/arc/faculty-profile-detail/578
Jibesh Kanti Saha,https://www.sust.edu/d/arc/faculty-profile-detail/579
Riashad Siddque,https://www.sust.edu/d/arc/faculty-profile-detail/582
Md. Selim Ahmed,https://www.sust.edu/d/arc/faculty-profile-detail/584
Md. Yasin,https://www.sust.edu/d/arc/faculty-profile-detail/585
A.S.M. Sayem,https://www.sust.edu/d/arc/faculty-profile-detail/586
Shafaet Ahmed,https://www.sust.edu/d/arc/faculty-profile-detail/587
Mitu Samadder,https://www.sust.edu/d/arc/faculty-profile-detail/588
Md Mahadi Hasan Nahid,https://www.sust.edu/d/arc/faculty-profile-detail/589
Enamul Hassan,https://www.sust.edu/d/arc/faculty-profile-detail/590
Mr. Mohammad Adud Ahmed,https://www.sust.edu/d/arc/faculty-profile-detail/594
Mr. Mohammad Azizul Hoque,https://www.sust.edu/d/arc/faculty-profile-detail/598
Syed Tofael Ahmed,https://www.sust.edu/d/arc/faculty-profile-detail/599
Mr. Bidan Chandra Das,https://www.sust.edu/d/arc/faculty-profile-detail/600
Hriteshwar Talukder,https://www.sust.edu/d/arc/faculty-profile-detail/601
Md. Asaduz Zaman Mamun,https://www.sust.edu/d/arc/faculty-profile-detail/602
Sharmin Akter,https://www.sust.edu/d/arc/faculty-profile-detail/603
Md Sifat Tanveer,https://www.sust.edu/d/arc/faculty-profile-detail/604
Nazia Zabin,https://www.sust.edu/d/arc/faculty-profile-detail/607
Mr. Proshanta Das,https://www.sust.edu/d/arc/faculty-profile-detail/608
Ashis Kumer Banik,https://www.sust.edu/d/arc/faculty-profile-detail/609
Nafiza Anjum,https://www.sust.edu/d/arc/faculty-profile-detail/610
Dr. Nuruzzaman Sakib,https://www.sust.edu/d/arc/faculty-profile-detail/611
Mrs Sabina Yasmin,https://www.sust.edu/d/arc/faculty-profile-detail/612
Mr. Muhammad Mustofa Kamal,https://www.sust.edu/d/arc/faculty-profile-detail/613
Sayma Sadia Shawon,https://www.sust.edu/d/arc/faculty-profile-detail/614
Ajim Uddin,https://www.sust.edu/d/arc/faculty-profile-detail/615
Md. Abdul Motalib,https://www.sust.edu/d/arc/faculty-profile-detail/616
Md. Zoinul Islam Chowdhury,https://www.sust.edu/d/arc/faculty-profile-detail/617
Md Imran Hossain Khan,https://www.sust.edu/d/arc/faculty-profile-detail/618
MOQSADUR RAHMAN,https://www.sust.edu/d/arc/faculty-profile-detail/619
Summit Haque,https://www.sust.edu/d/arc/faculty-profile-detail/620
Mst. Anjumonara Begum,https://www.sust.edu/d/arc/faculty-profile-detail/621
Tahmid Aziz Chowdhury,https://www.sust.edu/d/arc/faculty-profile-detail/622
Pronob Kumar Biswas,https://www.sust.edu/d/arc/faculty-profile-detail/623
Mahathir Mohammad Bappy,https://www.sust.edu/d/arc/faculty-profile-detail/624
Md. Abu Baker Siddique,https://www.sust.edu/d/arc/faculty-profile-detail/625
Md. Mehedi Hasan Kibria,https://www.sust.edu/d/arc/faculty-profile-detail/626
Dr. S. M. Nizam Uddin,https://www.sust.edu/d/arc/faculty-profile-detail/627
Saiful Islam,https://www.sust.edu/d/arc/faculty-profile-detail/628
Pallab Chandra Saha,https://www.sust.edu/d/arc/faculty-profile-detail/629
Mr Mohammad Mojammel Hussain Raihan,https://www.sust.edu/d/arc/faculty-profile-detail/632
Marriya Sultana,https://www.sust.edu/d/arc/faculty-profile-detail/633
Mohammad Maniruzzaman Khan,https://www.sust.edu/d/arc/faculty-profile-detail/634
Mrs Jobayda Gulshan Ara,https://www.sust.edu/d/arc/faculty-profile-detail/635
Anup Datta,https://www.sust.edu/d/arc/faculty-profile-detail/636
Abdur Rakib Bhuiyan,https://www.sust.edu/d/arc/faculty-profile-detail/637
Nuren Zabin Shuchi,https://www.sust.edu/d/arc/faculty-profile-detail/638
Showmik Singha,https://www.sust.edu/d/arc/faculty-profile-detail/639
Md. Akkas Ali ,https://www.sust.edu/d/arc/faculty-profile-detail/640
Asif Mahmud,https://www.sust.edu/d/arc/faculty-profile-detail/641
MD. Jabed Iqbal,https://www.sust.edu/d/arc/faculty-profile-detail/642
Sanjoy Bikrom,https://www.sust.edu/d/arc/faculty-profile-detail/644
MD MONIRUL ISLAM,https://www.sust.edu/d/arc/faculty-profile-detail/645
Md. Delowar Hossain,https://www.sust.edu/d/arc/faculty-profile-detail/646
Tanvir Hossain,https://www.sust.edu/d/arc/faculty-profile-detail/647
Moshiul Alam Mishu,https://www.sust.edu/d/arc/faculty-profile-detail/648
Farjana Islam,https://www.sust.edu/d/arc/faculty-profile-detail/649
Md. Shafiqul Islam,https://www.sust.edu/d/arc/faculty-profile-detail/650
Mohd. Mahfuzur Rahman,https://www.sust.edu/d/arc/faculty-profile-detail/651
Myisha Ahmed Chowdhury,https://www.sust.edu/d/arc/faculty-profile-detail/652
Md. Anisur Rahman,https://www.sust.edu/d/arc/faculty-profile-detail/653
Shafiul Hossain,https://www.sust.edu/d/arc/faculty-profile-detail/654
 Rahman,https://www.sust.edu/d/arc/faculty-profile-detail/655
Dipok Deb,https://www.sust.edu/d/arc/faculty-profile-detail/656
Dr Afruza Khanom,https://www.sust.edu/d/arc/faculty-profile-detail/657
Amit Kumar Chakraborty,https://www.sust.edu/d/arc/faculty-profile-detail/658
Dr. Mohammed Masum Ul Haque,https://www.sust.edu/d/arc/faculty-profile-detail/659
Md Saifuzzaman Bhuiyan,https://www.sust.edu/d/arc/faculty-profile-detail/660
Towfiqul Islam Khan,https://www.sust.edu/d/arc/faculty-profile-detail/661
Dr. Md Sadek Ferdous,https://www.sust.edu/d/arc/faculty-profile-detail/662
Mahabuba Rahman,https://www.sust.edu/d/arc/faculty-profile-detail/663
Zarin Tasnim,https://www.sust.edu/d/arc/faculty-profile-detail/664
Noor-E-Jannat Meem,https://www.sust.edu/d/arc/faculty-profile-detail/665
Md. Abdullah Al Numanbakth,https://www.sust.edu/d/arc/faculty-profile-detail/666
Mr. Mahabubur Rahman,https://www.sust.edu/d/arc/faculty-profile-detail/667
Mrs. Nujhat Nuri Sultana,https://www.sust.edu/d/arc/faculty-profile-detail/668
Shetu Akter,https://www.sust.edu/d/arc/faculty-profile-detail/669
Dr. Jaseer Ahmed,https://www.sust.edu/d/arc/faculty-profile-detail/670
Shahadat Hossain,https://www.sust.edu/d/arc/faculty-profile-detail/671
Abdur Rahman Munshi,https://www.sust.edu/d/arc/faculty-profile-detail/672
Shahnaj Shemul,https://www.sust.edu/d/arc/faculty-profile-detail/673
Md Toasin Hossain Aunkor,https://www.sust.edu/d/arc/faculty-profile-detail/674
G. M. Nurnabi Azad Jewel,https://www.sust.edu/d/arc/faculty-profile-detail/675
Abhijit Mazumdar,https://www.sust.edu/d/arc/faculty-profile-detail/676
Sazdik Ahmed,https://www.sust.edu/d/arc/faculty-profile-detail/677
Mahamudul Hashan,https://www.sust.edu/d/arc/faculty-profile-detail/678
Md Arifur Rahman,https://www.sust.edu/d/arc/faculty-profile-detail/679
Morgina Akter,https://www.sust.edu/d/arc/faculty-profile-detail/680
Sajib Kumar Mohonta,https://www.sust.edu/d/arc/faculty-profile-detail/682
Zannat Ara Dilshad Shangi ,https://www.sust.edu/d/arc/faculty-profile-detail/683
Md. Mahmud-Or-Rashid,https://www.sust.edu/d/arc/faculty-profile-detail/684
SADIA KHANAM,https://www.sust.edu/d/arc/faculty-profile-detail/685
Tarik Aziz,https://www.sust.edu/d/arc/faculty-profile-detail/686
Eshrath Sadiya,https://www.sust.edu/d/arc/faculty-profile-detail/687
Mahnaz Islam Sonia,https://www.sust.edu/d/arc/faculty-profile-detail/689
Abu Sufian,https://www.sust.edu/d/arc/faculty-profile-detail/692
Tasnia Mizan Chowdhury,https://www.sust.edu/d/arc/faculty-profile-detail/694
Majedul Islam Khan,https://www.sust.edu/d/arc/faculty-profile-detail/695
Md. Ishfak Tahmid ,https://www.sust.edu/d/arc/faculty-profile-detail/696
Muhammad Mizanur Rahman,https://www.sust.edu/d/arc/faculty-profile-detail/697
MD Shajjadur Rahman ,https://www.sust.edu/d/arc/faculty-profile-detail/698
Sumaiya Ahmed,https://www.sust.edu/d/arc/faculty-profile-detail/699
Arnab Sen Sharma,https://www.sust.edu/d/arc/faculty-profile-detail/700
Mst. Tahmina Akter,https://www.sust.edu/d/arc/faculty-profile-detail/701
Mrs Kulsuma Parvin Chowdhury,https://www.sust.edu/d/arc/faculty-profile-detail/702
Rabeya Sultana,https://www.sust.edu/d/arc/faculty-profile-detail/703
Ms Marufa Akter,https://www.sust.edu/d/arc/faculty-profile-detail/704
Mazid Ul Hasan,https://www.sust.edu/d/arc/faculty-profile-detail/705
Khadizatul Kobra Urmy,https://www.sust.edu/d/arc/faculty-profile-detail/706
Md. Najmul Kabir,https://www.sust.edu/d/arc/faculty-profile-detail/707
Rahela Khatun,https://www.sust.edu/d/arc/faculty-profile-detail/708
Muhammad Salim Miah,https://www.sust.edu/d/arc/faculty-profile-detail/709
Navila Kawser,https://www.sust.edu/d/arc/faculty-profile-detail/710
Repon Biswas,https://www.sust.edu/d/arc/faculty-profile-detail/712
Mr. Sajal Saha,https://www.sust.edu/d/arc/faculty-profile-detail/717
Ayesha Ferdous Mita,https://www.sust.edu/d/arc/faculty-profile-detail/727
Khayrun Nahar Mitu,https://www.sust.edu/d/arc/faculty-profile-detail/728
Sabrin Ara,https://www.sust.edu/d/arc/faculty-profile-detail/729
 A.B.M. Mofak Kharul Islam,https://www.sust.edu/d/arc/faculty-profile-detail/731
Mr Md Ali Newaj,https://www.sust.edu/d/arc/faculty-profile-detail/732
Nafis Imtiaz Rahman,https://www.sust.edu/d/arc/faculty-profile-detail/733
Md. Jasim Uddin,https://www.sust.edu/d/arc/faculty-profile-detail/734
Subrata,https://www.sust.edu/d/arc/faculty-profile-detail/736
Maruf Ahmed Mridul,https://www.sust.edu/d/arc/faculty-profile-detail/739
Muhibur Rahman,https://www.sust.edu/d/arc/faculty-profile-detail/764
Dr. Mohammad Abu Yusuf,https://www.sust.edu/d/arc/faculty-profile-detail/781
A K M Ashikuzzaman,https://www.sust.edu/d/arc/faculty-profile-detail/784
Md. Syamul Bashar ,https://www.sust.edu/d/arc/faculty-profile-detail/785
Masum Ahmed Jaigirdar ,https://www.sust.edu/d/arc/faculty-profile-detail/786
Jahid Hasan Shourove,https://www.sust.edu/d/arc/faculty-profile-detail/802
Mahabub Alam,https://www.sust.edu/d/arc/faculty-profile-detail/803
Subarna Nandi Majumdar,https://www.sust.edu/d/arc/faculty-profile-detail/804
Avijit Chakrabarty Ayon,https://www.sust.edu/d/arc/faculty-profile-detail/808
Tania Jannatul Kubra,https://www.sust.edu/d/arc/faculty-profile-detail/809
Sanjida Sultana Zerin,https://www.sust.edu/d/arc/faculty-profile-detail/810
Abu Bokkar Siddique,https://www.sust.edu/d/arc/faculty-profile-detail/811
Md. Azizul Fazal ,https://www.sust.edu/d/arc/faculty-profile-detail/812
Faisal Sobhan,https://www.sust.edu/d/arc/faculty-profile-detail/813
Afruja Begum,https://www.sust.edu/d/arc/faculty-profile-detail/814
Saad Been Mosharof,https://www.sust.edu/d/arc/faculty-profile-detail/815
A.K.M. Fakhrul Hossain,https://www.sust.edu/d/arc/faculty-profile-detail/816
Mr. Pritidipto Paul Chowdhury,https://www.sust.edu/d/arc/faculty-profile-detail/817
Mr. Md. Jahedul Alam,https://www.sust.edu/d/arc/faculty-profile-detail/818
M Habibur Rahman,https://www.sust.edu/d/arc/faculty-profile-detail/819
Mostafa Rafid,https://www.sust.edu/d/arc/faculty-profile-detail/820
Md. Shariful Islam,https://www.sust.edu/d/arc/faculty-profile-detail/821
Biplob Ranjan Dey,https://www.sust.edu/d/arc/faculty-profile-detail/822
Aporajita Das Trisha,https://www.sust.edu/d/arc/faculty-profile-detail/823
Abdullah Al Islam,https://www.sust.edu/d/arc/faculty-profile-detail/824
Dr. Mohammad Anamul Haque,https://www.sust.edu/d/arc/faculty-profile-detail/825
Md. Haris Ali,https://www.sust.edu/d/arc/faculty-profile-detail/826
Md. Jems Wat Mondol,https://www.sust.edu/d/arc/faculty-profile-detail/827
HM Toufik Ahmed Zisan,https://www.sust.edu/d/arc/faculty-profile-detail/828
Israt Jahan,https://www.sust.edu/d/arc/faculty-profile-detail/829
Md. Nazir Hossain,https://www.sust.edu/d/arc/faculty-profile-detail/830
Samshad Nowreen,https://www.sust.edu/d/arc/faculty-profile-detail/831
Md. Amjad Patwary,https://www.sust.edu/d/arc/faculty-profile-detail/832
Md. Nazmul Islam Rafi,https://www.sust.edu/d/arc/faculty-profile-detail/838
Nusrat Jahan Ekra,https://www.sust.edu/d/arc/faculty-profile-detail/839
Md. Numan Hossain,https://www.sust.edu/d/arc/faculty-profile-detail/840
Nuuhash Akando,https://www.sust.edu/d/arc/faculty-profile-detail/842
Tahmidul Haque Ruvo,https://www.sust.edu/d/arc/faculty-profile-detail/843
Shataparna Das,https://www.sust.edu/d/arc/faculty-profile-detail/844
Md. Shadman Sakib,https://www.sust.edu/d/arc/faculty-profile-detail/845
Mafruza Akter,https://www.sust.edu/d/arc/faculty-profile-detail/846
HABIBA AKTER,https://www.sust.edu/d/arc/faculty-profile-detail/847
Adiba Rahman Bushra Chowdhury,https://www.sust.edu/d/arc/faculty-profile-detail/848
Mohona Das Gupta,https://www.sust.edu/d/arc/faculty-profile-detail/849
Mosrafa Begum Misu,https://www.sust.edu/d/arc/faculty-profile-detail/850
Mst. Tamanna Akter,https://www.sust.edu/d/arc/faculty-profile-detail/852
Susmita Roy,https://www.sust.edu/d/arc/faculty-profile-detail/853
Sabbir Ahmed Dibbo,https://www.sust.edu/d/arc/faculty-profile-detail/854
Dr. Md. Khalilur Rahman,https://www.sust.edu/d/arc/faculty-profile-detail/855
Naima Sultana Alam Supti,https://www.sust.edu/d/arc/faculty-profile-detail/856
Md. Shadmim Hasan Sifat,https://www.sust.edu/d/arc/faculty-profile-detail/857
Md. Mehedi Hasan,https://www.sust.edu/d/arc/faculty-profile-detail/858
Abdullah Al Noman,https://www.sust.edu/d/arc/faculty-profile-detail/859
Md. Shamim Reza Saimun,https://www.sust.edu/d/arc/faculty-profile-detail/860
Nilima Ferdous,https://www.sust.edu/d/arc/faculty-profile-detail/861
Farhana Bintay Hye,https://www.sust.edu/d/arc/faculty-profile-detail/862
Papia Rahman,https://www.sust.edu/d/arc/faculty-profile-detail/863
Jannatun Nayem,https://www.sust.edu/d/arc/faculty-profile-detail/864
Elora Chakma,https://www.sust.edu/d/arc/faculty-profile-detail/865
Md. Mahin Uddin,https://www.sust.edu/d/arc/faculty-profile-detail/866
Shehan Tawsif,https://www.sust.edu/d/arc/faculty-profile-detail/867
Md. Salman Syed Sani,https://www.sust.edu/d/arc/faculty-profile-detail/868
Shangida Akther,https://www.sust.edu/d/arc/faculty-profile-detail/869
Chand Mia,https://www.sust.edu/d/arc/faculty-profile-detail/870
Faria Binte Arif,https://www.sust.edu/d/arc/faculty-profile-detail/871
Md. Ashraful Haque,https://www.sust.edu/d/arc/faculty-profile-detail/872
Jubely Begum,https://www.sust.edu/d/arc/faculty-profile-detail/873
Dr. Mustafizur Rahman,https://www.sust.edu/d/arc/faculty-profile-detail/875
Mahjabeen Sarwar Chowdhury,https://www.sust.edu/d/arc/faculty-profile-detail/876
Abdul Basit,https://www.sust.edu/d/arc/faculty-profile-detail/877
Md. jahir Uddin,https://www.sust.edu/d/arc/faculty-profile-detail/878
Shimla Akter,https://www.sust.edu/d/arc/faculty-profile-detail/879
Azmery Sultana,https://www.sust.edu/d/arc/faculty-profile-detail/880
